City,Cloudiness,Country,Date,Humidity,Lat,Lng,Max_temp,Wind_speed
lebu,0,CL,1586207767,57,-37.62,-73.65,13.93,9.92
giovinazzo,0,IT,1586207934,81,41.19,16.67,10.56,2.6
busselton,0,AU,1586207934,39,-33.65,115.33,17.78,7.35
ushuaia,75,AR,1586207649,62,-54.8,-68.3,11.0,8.2
kapaa,20,US,1586207508,88,22.08,-159.32,25.56,4.6
nueve de julio,0,AR,1586207508,22,-35.44,-60.88,19.44,3.13
tazmalt,40,DZ,1586207508,82,36.39,4.4,13.0,2.1
hithadhoo,6,MV,1586207508,64,-0.6,73.08,28.71,1.69
east london,77,ZA,1586207509,61,-33.02,27.91,18.24,9.88
esperance,90,AU,1586207510,87,-33.87,121.9,16.0,4.1
mahajanga,20,MG,1586207510,88,-15.72,46.32,26.0,1.0
koumac,78,NC,1586207510,73,-20.57,164.28,25.36,5.01
rikitea,62,PF,1586207511,63,-23.12,-134.97,24.51,2.33
tecoanapa,8,MX,1586207226,45,16.52,-98.75,31.29,5.36
ternate,25,ID,1586207511,80,0.8,127.4,26.08,2.26
fortuna,20,US,1586207511,66,40.6,-124.16,15.0,7.2
qaanaaq,0,GL,1586207512,75,77.48,-69.36,-12.89,1.06
mahebourg,40,MU,1586207512,88,-20.41,57.7,25.56,5.1
vaini,90,TO,1586207512,74,-21.2,-175.2,26.0,4.1
punta arenas,100,CL,1586207321,58,-53.15,-70.92,13.0,8.7
hermanus,16,ZA,1586207328,70,-34.42,19.23,13.33,2.24
jamestown,1,US,1586207512,26,42.1,-79.24,15.0,2.6
karasburg,76,NA,1586207513,47,-28.02,18.75,12.2,5.86
albany,20,US,1586207513,18,42.6,-73.97,16.67,7.7
aklavik,75,CA,1586207513,90,68.22,-135.01,0.0,4.1
yellowknife,75,CA,1586207513,63,62.46,-114.35,-1.11,8.7
hobart,20,AU,1586207513,81,-42.88,147.33,7.0,3.1
bredasdorp,15,ZA,1586207513,54,-34.53,20.04,13.33,5.7
nyurba,99,RU,1586207513,94,63.28,118.33,-0.18,2.35
luau,100,AO,1586207514,68,-10.71,22.22,19.21,0.29
cabo san lucas,90,MX,1586207514,39,22.89,-109.91,28.0,2.1
athabasca,20,CA,1586207244,83,54.72,-113.29,-1.57,3.22
kaitangata,87,NZ,1586207514,92,-46.28,169.85,13.89,3.08
los llanos de aridane,90,ES,1586207363,83,28.66,-17.92,21.0,1.0
port hardy,75,CA,1586207239,70,50.7,-127.42,8.0,4.6
hay river,40,CA,1586207514,94,60.82,-115.8,0.0,5.7
dikson,97,RU,1586207514,95,73.51,80.55,-13.27,6.16
auki,100,SB,1586207515,79,-8.77,160.7,27.8,2.67
nikolskoye,94,RU,1586207515,86,59.7,30.79,2.22,2.0
champerico,40,GT,1586207238,55,14.3,-91.92,33.0,4.1
ponta do sol,20,PT,1586207515,82,32.67,-17.1,20.0,1.5
cordele,40,US,1586207515,34,31.96,-83.78,29.44,1.5
thunder bay,75,CA,1586207351,57,48.4,-89.32,10.0,4.1
tasiilaq,100,GL,1586207515,86,65.61,-37.64,-2.0,4.1
silchar,0,IN,1586207516,43,24.82,92.8,20.17,0.41
pisco,0,PE,1586207516,30,-13.7,-76.22,23.89,3.1
bethel,1,US,1586207516,25,41.37,-73.41,18.89,2.6
cockburn town,0,TC,1586207353,67,21.46,-71.14,24.97,4.72
mataura,99,NZ,1586207516,96,-46.19,168.86,11.67,0.89
berbera,0,SO,1586207516,75,10.44,45.01,28.26,2.35
moron,0,AR,1586207516,31,-34.65,-58.62,18.0,5.7
vardo,75,NO,1586207517,86,70.37,31.11,-2.0,7.7
bluff,82,NZ,1586207250,96,-46.6,168.33,11.11,1.34
huarmey,15,PE,1586207517,62,-10.07,-78.15,26.25,4.12
kodiak,40,US,1586207517,31,57.79,-152.41,2.0,5.1
yumen,6,CN,1586207517,25,40.28,97.2,6.96,2.04
visnes,100,NO,1586207517,93,59.36,5.22,8.33,5.7
butaritari,100,KI,1586207517,71,3.07,172.79,28.16,0.79
vilshofen,0,DE,1586207517,48,48.63,13.18,11.67,0.86
nakhon phanom,87,TH,1586207518,75,17.41,104.78,23.33,1.31
usevya,100,TZ,1586207518,67,-7.1,31.23,20.23,0.47
kolyvan,90,RU,1586207518,86,55.31,82.74,4.0,3.0
castro,81,BR,1586207362,71,-24.79,-50.01,19.84,2.09
kadhan,0,PK,1586207518,65,24.48,68.99,24.1,4.97
sakakah,100,SA,1586207344,14,29.97,40.21,27.0,7.2
cervia,0,IT,1586207518,66,44.27,12.34,13.0,2.6
georgetown,40,MY,1586207755,88,5.41,100.34,28.0,5.1
thompson,75,CA,1586207710,67,55.74,-97.86,-5.0,3.1
te anau,67,NZ,1586207519,74,-45.42,167.72,11.66,2.88
macenta,100,GN,1586207519,78,8.54,-9.47,20.78,0.77
guerrero negro,100,MX,1586207520,52,27.98,-114.06,18.66,5.82
talnakh,90,RU,1586207520,94,69.49,88.4,0.0,8.0
leningradskiy,0,RU,1586207520,81,69.38,178.42,-17.2,1.78
togur,100,RU,1586207521,97,58.36,82.83,2.04,2.13
xining,100,CN,1586207521,37,36.62,101.77,1.74,0.73
ostrovnoy,94,RU,1586207521,95,68.05,39.51,-8.75,2.32
hilo,75,US,1586207521,65,19.73,-155.09,27.0,2.1
port elizabeth,76,ZA,1586207513,71,-33.92,25.57,14.0,9.8
oranjestad,75,AW,1586207349,74,12.52,-70.03,30.0,8.2
tiksi,42,RU,1586207521,91,71.69,128.87,-15.6,1.37
codrington,100,AU,1586207521,71,-38.27,141.97,11.41,2.48
progreso,5,MX,1586207522,24,21.28,-89.67,39.44,3.1
surgut,90,RU,1586207522,100,61.25,73.42,3.0,5.0
upernavik,0,GL,1586207320,90,72.79,-56.15,-7.64,8.9
lavrentiya,98,RU,1586207234,85,65.58,-171.0,-15.64,1.85
vanimo,97,PG,1586207391,82,-2.67,141.3,25.83,2.64
buala,100,SB,1586207523,80,-8.14,159.59,27.99,4.39
ayna,36,PE,1586207523,37,-12.65,-73.92,22.24,1.33
hofn,56,IS,1586207523,83,64.25,-15.21,1.24,14.92
chokurdakh,35,RU,1586207523,91,70.63,147.92,-19.63,4.38
ribeira grande,75,PT,1586207523,88,38.52,-28.7,18.0,6.2
carnarvon,0,AU,1586207523,83,-24.87,113.63,22.0,5.1
florianopolis,75,BR,1586207315,64,-27.61,-48.5,21.67,3.1
tuatapere,43,NZ,1586207523,96,-46.13,167.68,11.67,0.89
shahreza,50,IR,1586207524,17,32.03,51.88,14.56,1.07
muros,75,ES,1586207247,82,42.78,-9.06,15.56,1.0
bantry,20,IE,1586207524,86,51.68,-9.45,5.0,1.5
saint-philippe,20,RE,1586207524,69,-21.36,55.77,24.0,2.1
divnomorskoye,0,RU,1586207524,49,44.5,38.14,8.44,11.33
atuona,5,PF,1586207525,76,-9.8,-139.03,27.92,6.88
vao,100,NC,1586207525,81,-22.67,167.48,24.81,8.65
airai,13,TL,1586207526,67,-8.93,125.41,15.77,0.88
esna,0,EG,1586207526,36,25.29,32.55,26.0,2.1
clyde river,20,CA,1586207526,72,70.47,-68.59,-10.0,15.9
pilar,20,BR,1586207526,78,-9.6,-35.96,28.0,4.1
ulaangom,100,MN,1586207526,83,49.98,92.07,-4.62,0.51
sur,1,OM,1586207527,50,22.57,59.53,27.03,0.68
flinders,73,AU,1586207527,71,-34.58,150.86,16.67,3.1
tuktoyaktuk,90,CA,1586207527,85,69.45,-133.04,-4.0,8.7
torbay,90,CA,1586207527,80,47.67,-52.73,0.56,11.3
clarence town,40,AU,1586207358,93,-32.58,151.78,16.11,4.6
provideniya,64,RU,1586207528,83,64.38,-173.3,-14.91,1.44
ahipara,41,NZ,1586207528,75,-35.17,173.17,17.31,3.37
vila franca do campo,75,PT,1586207528,100,37.72,-25.43,17.0,4.6
sainte-marie,29,RE,1586207528,69,-20.9,55.55,24.0,6.2
sept-iles,75,CA,1586207386,47,50.2,-66.38,2.0,7.7
taraz,18,KZ,1586207455,76,42.9,71.37,12.0,2.0
gomel,0,BY,1586207530,56,52.43,30.98,6.0,2.0
auray,90,FR,1586207530,81,47.67,-2.99,12.22,2.6
arraial do cabo,2,BR,1586207454,74,-22.97,-42.03,26.0,6.2
geraldton,1,AU,1586207530,87,-28.77,114.6,16.0,4.1
tezu,34,IN,1586207530,34,27.92,96.17,20.26,1.65
arkhangelsk,40,RU,1586207530,85,64.54,40.54,-5.0,1.0
aktau,75,KZ,1586207531,38,43.65,51.2,5.0,13.0
brigantine,1,US,1586207531,44,39.41,-74.36,20.56,4.6
teya,34,RU,1586207531,94,60.38,92.63,-2.86,1.44
mar del plata,40,AR,1586207347,51,-38.0,-57.56,15.0,6.7
cidreira,87,BR,1586207531,83,-30.18,-50.21,21.41,4.16
taoudenni,0,ML,1586207531,12,22.68,-3.98,30.06,6.01
marrakesh,17,MA,1586207532,56,31.63,-8.01,23.0,5.1
orsk,100,RU,1586207303,59,51.2,58.57,2.0,6.0
nakamura,100,JP,1586207532,54,32.98,132.93,8.31,1.33
marquette,90,US,1586207532,61,46.53,-87.63,8.33,3.1
cape town,20,ZA,1586207323,58,-33.93,18.42,13.33,2.1
novobirilyussy,76,RU,1586207532,91,56.95,90.67,2.79,2.2
nemuro,4,JP,1586207532,87,43.32,145.57,1.55,4.53
chuy,1,UY,1586207533,51,-33.7,-53.46,16.61,8.06
margate,5,GB,1586207381,66,51.38,1.39,12.22,1.5
eureka,20,US,1586207360,66,40.8,-124.16,13.89,7.2
olhao,75,PT,1586207533,93,37.03,-7.84,17.0,2.1
puerto ayora,20,EC,1586207533,70,-0.74,-90.35,30.0,5.1
namatanai,83,PG,1586207533,73,-3.67,152.43,27.87,3.26
can tho,47,VN,1586207534,94,10.03,105.78,23.68,0.99
avarua,75,CK,1586207376,88,-21.21,-159.78,26.0,2.1
bubaque,0,GW,1586207514,72,11.28,-15.83,26.11,7.3
lompoc,75,US,1586207350,58,34.64,-120.46,15.56,5.7
seymchan,0,RU,1586207535,88,62.88,152.43,-11.39,1.38
umm lajj,0,SA,1586207535,47,25.02,37.27,27.32,2.17
montoro,68,ES,1586207535,93,38.02,-4.38,17.78,1.0
plettenberg bay,66,ZA,1586207535,72,-34.05,23.37,13.3,5.76
kashi,13,CN,1586207535,19,39.45,75.98,13.0,3.0
bambous virieux,40,MU,1586207536,88,-20.34,57.76,25.56,5.1
tambopata,67,PE,1586207536,53,-12.73,-69.18,32.76,0.95
carutapera,100,BR,1586207536,86,-1.2,-46.02,27.49,4.97
aksu,57,CN,1586207369,23,41.12,80.26,13.49,0.72
lasa,5,IT,1586207536,65,46.62,10.7,11.0,1.0
wahiawa,90,US,1586207536,88,21.5,-158.02,27.0,3.6
houma,75,US,1586207536,61,29.6,-90.72,28.0,5.7
goderich,100,CA,1586207292,50,43.75,-81.72,12.22,1.93
sao joao da barra,6,BR,1586207537,74,-21.64,-41.05,27.0,8.2
iqaluit,40,CA,1586207537,71,63.75,-68.51,-16.0,9.8
new norfolk,20,AU,1586207452,81,-42.78,147.06,7.0,3.1
letka,0,RU,1586207537,95,59.6,49.42,-5.34,3.01
saint anthony,90,US,1586207537,58,45.02,-93.22,15.56,4.1
dingle,0,PH,1586207538,82,11.0,122.67,24.1,2.52
paramonga,28,PE,1586207538,69,-10.67,-77.83,24.62,4.43
bengkulu,100,ID,1586207538,83,-3.8,102.27,24.92,2.7
verkhnevilyuysk,100,RU,1586207538,92,63.45,120.32,0.34,2.06
benevides,40,BR,1586207487,88,-1.36,-48.24,27.0,1.5
tura,0,IN,1586207538,26,25.52,90.22,22.04,3.06
cherskiy,100,RU,1586207538,95,68.75,161.3,-12.14,6.88
grand gaube,40,MU,1586207538,88,-20.01,57.66,25.56,5.1
sao filipe,0,CV,1586207539,73,14.9,-24.5,22.94,6.14
lorengau,95,PG,1586207539,78,-2.02,147.27,28.07,4.49
ipixuna,40,BR,1586207539,88,-1.76,-48.8,27.0,1.5
brae,36,GB,1586207394,75,60.4,-1.35,8.0,9.3
tilichiki,100,RU,1586207539,95,60.47,166.1,-5.6,3.44
mayumba,100,GA,1586207539,85,-3.43,10.66,26.32,3.1
kupang,69,ID,1586207539,75,-10.17,123.58,27.43,3.26
yulara,100,AU,1586207540,34,-25.24,130.99,18.0,4.1
douentza,0,ML,1586207240,10,15.0,-2.95,31.45,3.34
henties bay,0,NA,1586207540,90,-22.12,14.28,16.11,0.89
sao gabriel da cachoeira,99,BR,1586207540,73,-0.13,-67.09,29.45,1.06
gat,20,IL,1586207540,77,31.61,34.76,17.22,3.1
pangnirtung,20,CA,1586207540,78,66.15,-65.71,-13.0,1.5
onega,81,RU,1586207540,93,63.91,38.14,-2.41,3.59
itacarambi,99,BR,1586207540,74,-15.1,-44.09,25.39,1.15
vega de alatorre,16,MX,1586207541,75,20.03,-96.63,28.23,4.21
leek,75,NL,1586207541,93,53.16,6.38,12.22,3.6
vila do maio,0,CV,1586207541,57,15.13,-23.22,24.0,7.7
qandala,0,SO,1586207358,62,11.47,49.87,27.81,1.46
limon,100,CR,1586207242,74,10.0,-83.03,30.56,5.7
northam,0,GB,1586207385,70,51.03,-4.22,9.44,0.69
quatre cocos,40,MU,1586207541,88,-20.21,57.76,25.56,5.1
bar harbor,20,US,1586207542,22,44.39,-68.2,12.78,6.7
misratah,0,LY,1586207542,66,32.38,15.09,15.49,4.38
esmeraldas,40,BR,1586207542,51,-19.76,-44.31,30.0,3.1
chardara,49,KZ,1586207542,58,41.25,67.97,15.63,3.38
salekhard,100,RU,1586207542,96,66.53,66.6,-9.01,2.22
burnie,9,AU,1586207543,77,-41.07,145.92,10.0,4.92
cap-haitien,32,HT,1586207543,70,19.76,-72.2,27.2,4.23
mnogovershinnyy,100,RU,1586207543,95,53.94,139.92,-7.13,4.23
souillac,40,MU,1586207543,88,-20.52,57.52,25.56,5.1
touros,20,BR,1586207543,74,-5.2,-35.46,30.0,5.1
bac lieu,64,VN,1586207316,82,9.29,105.72,26.28,2.71
dunedin,86,NZ,1586207544,92,-45.87,170.5,14.44,4.72
katesh,96,TZ,1586207544,59,-4.52,35.38,15.54,1.4
kavieng,39,PG,1586207544,72,-2.57,150.8,28.34,1.89
yazd,40,IR,1586207544,21,31.9,54.37,17.0,2.1
yar-sale,93,RU,1586207544,98,66.83,70.83,-6.88,2.6
verkhnyaya inta,100,RU,1586207544,96,65.98,60.31,-7.17,1.57
zhezkazgan,100,KZ,1586207544,43,47.8,67.71,9.64,4.66
sorkjosen,75,NO,1586207544,69,69.8,20.93,1.0,7.2
bafoulabe,0,ML,1586207393,10,13.81,-10.83,34.15,2.14
katherine,94,AU,1586207545,73,-14.47,132.27,23.0,2.6
palu,98,ID,1586207545,81,-0.89,119.87,24.64,1.15
wawa,31,NG,1586207545,40,9.9,4.42,33.2,4.76
porto velho,75,BR,1586207327,94,-8.76,-63.9,27.0,1.19
mandal,0,IN,1586207545,16,25.45,74.57,25.73,3.64
morondava,11,MG,1586207331,82,-20.28,44.28,25.09,1.14
ruteng,75,ID,1586207545,72,-8.61,120.47,18.15,1.29
grand-lahou,16,CI,1586207545,85,5.14,-5.02,28.11,3.89
saldanha,25,ZA,1586207545,81,-33.01,17.94,12.0,0.5
sakaiminato,40,JP,1586207546,93,35.55,133.23,4.0,3.1
kurumkan,0,RU,1586207546,73,54.3,110.3,-1.89,1.16
longyearbyen,75,SJ,1586207289,66,78.22,15.64,-11.0,7.2
ayia marina,75,GR,1586207546,66,37.75,23.53,11.11,6.2
ourossogui,0,SN,1586207546,11,15.61,-13.32,33.81,3.12
mehran,75,IR,1586207546,62,33.12,46.16,15.0,3.1
faya,34,SA,1586207546,63,18.39,42.45,19.0,2.44
dolinsk,75,RU,1586207546,97,47.35,142.8,0.0,7.0
bonthe,77,SL,1586207547,85,7.53,-12.51,27.55,2.84
pevek,95,RU,1586207547,84,69.7,170.31,-18.72,6.6
norman wells,40,CA,1586207547,53,65.28,-126.83,-5.0,5.7
pontes e lacerda,83,BR,1586207547,80,-15.23,-59.34,26.35,0.37
meadow lake,1,US,1586207956,11,34.8,-106.54,23.33,2.6
barrow,90,US,1586207547,78,71.29,-156.79,-13.0,7.2
san juan,23,AR,1586207382,23,-31.54,-68.54,20.87,4.07
palmer,20,US,1586207547,13,42.16,-72.33,18.0,7.2
roebourne,69,AU,1586207547,67,-20.78,117.13,26.17,1.95
port alfred,55,ZA,1586207331,64,-33.59,26.89,16.23,9.34
narsaq,0,GL,1586207548,33,60.92,-46.05,-2.0,1.5
byron bay,40,AU,1586207253,88,-28.65,153.62,22.22,4.6
diamantino,59,BR,1586207351,72,-14.41,-56.45,29.13,2.35
cairns,75,AU,1586207386,94,-16.92,145.77,23.0,4.6
saskylakh,100,RU,1586207548,97,71.92,114.08,-4.12,2.88
puro,11,PH,1586207548,80,12.48,123.38,26.12,3.79
george,43,ZA,1586207548,81,-33.96,22.46,12.0,4.1
the pas,90,CA,1586207548,74,53.83,-101.25,-2.0,8.2
half moon bay,90,US,1586207549,93,37.46,-122.43,12.22,2.61
antalaha,5,MG,1586207322,82,-14.9,50.28,25.05,3.78
bryant,75,US,1586207549,50,34.6,-92.49,26.11,4.1
isangel,100,VU,1586207549,85,-19.55,169.27,26.4,12.72
pasighat,39,IN,1586207549,48,28.07,95.33,19.59,1.58
asau,0,RO,1586207549,35,46.43,26.4,6.0,1.0
ancud,13,CL,1586207549,54,-41.87,-73.82,13.0,4.1
magomeni,20,TZ,1586207550,94,-6.8,39.25,27.0,1.98
yatou,0,CN,1586207550,67,37.15,122.38,7.96,3.5
terme,40,TR,1586207550,65,41.21,36.97,8.0,8.7
artyom,90,AZ,1586207550,46,40.47,50.33,10.0,12.3
bahia blanca,2,AR,1586207507,32,-38.72,-62.27,15.86,5.28
nioro,0,GM,1586207332,25,13.35,-15.75,29.68,4.34
makueni,100,KE,1586207550,66,-1.8,37.62,18.53,1.21
kalmunai,72,LK,1586207550,77,7.42,81.82,26.69,0.85
sambava,6,MG,1586207550,86,-14.27,50.17,24.44,2.62
sitka,90,US,1586207550,69,57.05,-135.33,6.0,8.7
biak,94,ID,1586207551,70,-0.91,122.88,26.81,1.6
sioux lookout,75,CA,1586207551,29,50.1,-91.92,12.0,2.6
klaksvik,20,FO,1586207551,64,62.23,-6.59,5.0,6.2
portland,75,US,1586207449,54,45.52,-122.68,17.22,2.1
yabrud,97,SY,1586207551,81,33.97,36.66,10.0,6.2
kirakira,35,SB,1586207551,79,-10.45,161.92,27.96,2.87
namibe,0,AO,1586207362,61,-15.2,12.15,23.5,3.68
khatanga,100,RU,1586207551,96,71.97,102.5,-3.46,2.05
lima,40,PE,1586207551,73,-12.04,-77.03,24.0,4.6
tommot,94,RU,1586207551,94,58.96,126.29,-6.15,0.66
tuy hoa,90,VN,1586207552,79,13.08,109.3,25.12,0.8
xiongzhou,38,CN,1586207552,83,25.12,114.3,11.93,0.4
san patricio,40,MX,1586207552,79,19.22,-104.7,29.0,5.1
la seyne-sur-mer,0,FR,1586207552,71,43.1,5.88,15.0,1.5
barinas,95,VE,1586207552,43,8.62,-70.21,34.0,2.06
cayenne,75,GF,1586207396,74,4.93,-52.33,29.0,4.6
hasaki,75,JP,1586207552,80,35.73,140.83,4.0,1.0
camopi,77,GF,1586207552,82,3.17,-52.32,27.13,2.11
east moline,90,US,1586207552,59,41.5,-90.44,20.0,3.6
kahului,1,US,1586207553,69,20.89,-156.47,25.56,3.08
batagay-alyta,93,RU,1586207553,84,67.8,130.41,-10.56,2.25
kavaratti,35,IN,1586207553,73,10.57,72.64,28.78,3.23
natchitoches,40,US,1586207553,54,31.77,-93.13,29.0,2.6
hirara,100,JP,1586207553,85,24.8,125.28,19.65,5.68
baruun-urt,0,MN,1586207553,60,46.68,113.28,-4.35,0.85
ladario,75,BR,1586207344,74,-19.0,-57.6,29.0,3.1
sale,40,MA,1586207553,93,34.04,-6.82,17.78,2.1
atambua,56,ID,1586207553,78,-9.11,124.89,23.2,1.3
nhulunbuy,40,AU,1586207553,88,-12.23,136.77,25.0,2.1
ajaccio,0,FR,1586207554,76,42.0,8.92,12.0,3.1
udachnyy,88,RU,1586207554,46,66.42,112.4,-2.0,3.0
manaure,75,CO,1586207554,79,11.78,-72.44,29.0,4.1
coihaique,75,CL,1586207339,53,-45.58,-72.07,11.0,2.6
teo,75,ES,1586207554,82,42.75,-8.5,15.56,1.0
dhidhdhoo,7,MV,1586207433,69,6.88,73.1,29.06,1.48
seoul,75,KR,1586207402,87,37.57,126.98,6.0,1.72
taltal,9,CL,1586207554,61,-25.4,-70.48,21.99,1.73
kjollefjord,20,NO,1586207554,79,70.95,27.35,-1.0,8.7
seguela,100,CI,1586207554,79,7.96,-6.67,22.98,5.11
viedma,28,AR,1586207555,36,-40.81,-63.0,14.44,5.29
mountain home,75,US,1586207555,54,43.13,-115.69,14.0,1.5
adelaide,75,AU,1586207367,77,-34.93,138.6,16.11,1.22
saint george,40,US,1586207470,31,37.1,-113.58,18.33,6.2
rothes,20,GB,1586207555,75,57.53,-3.21,7.22,5.1
batticaloa,50,LK,1586207555,80,7.71,81.69,26.08,0.95
sao felix do xingu,93,BR,1586207555,84,-6.64,-51.99,27.09,1.06
lvov,0,UA,1586207420,51,49.84,24.02,4.0,3.0
hambantota,30,LK,1586207555,80,6.12,81.12,26.66,2.49
oromocto,1,CA,1586207349,19,45.84,-66.48,10.0,8.2
isla mujeres,75,MX,1586207555,66,21.23,-86.73,30.0,5.1
amahai,25,ID,1586207555,79,-3.33,128.92,25.9,1.74
college,90,US,1586207556,61,64.86,-147.8,-8.0,7.2
mayo,1,US,1586207556,24,38.89,-76.51,22.0,3.1
naryan-mar,84,RU,1586207556,94,67.67,53.09,-9.36,5.06
sao francisco,68,BR,1586207556,77,-15.95,-44.86,24.87,1.37
asfi,24,MA,1586207556,80,32.3,-9.24,17.87,5.02
maltahohe,4,NA,1586207556,17,-24.83,16.98,17.5,2.79
eydhafushi,52,MV,1586207396,58,5.1,73.07,29.37,1.73
malanje,90,AO,1586207556,69,-9.54,16.34,19.5,1.06
la romana,40,DO,1586207556,83,18.43,-68.97,28.0,6.2
cocal,100,BR,1586207556,88,-28.62,-49.35,19.53,0.37
mana,83,GF,1586207556,76,5.66,-53.78,27.35,4.86
ilulissat,91,GL,1586207557,43,69.22,-51.1,-9.0,5.1
zhigansk,100,RU,1586207557,97,66.77,123.37,-0.05,5.54
payo,100,ID,1586207557,88,-3.75,103.64,22.87,0.91
poya,84,NC,1586207557,75,-21.35,165.15,25.07,4.83
epe,97,NG,1586207557,83,6.58,3.98,27.87,2.75
itarema,99,BR,1586207334,86,-2.92,-39.92,26.84,3.05
dalvik,75,IS,1586207557,51,65.97,-18.53,2.0,22.6
clovis,90,US,1586207555,76,36.83,-119.7,16.67,3.6
neuquen,0,AR,1586207497,25,-38.95,-68.06,18.0,3.1
noumea,100,NC,1586207335,73,-22.28,166.46,25.0,0.5
khonsa,54,IN,1586207558,35,27.02,95.57,17.05,1.89
ossora,70,RU,1586207558,91,59.24,163.07,-6.82,1.45
kruisfontein,90,ZA,1586207336,67,-34.0,24.73,12.58,9.25
manta,40,EC,1586207457,74,-0.95,-80.73,29.0,2.6
katsuura,75,JP,1586207558,64,35.13,140.3,10.0,4.1
chany,2,RU,1586207558,87,55.31,76.76,0.98,3.91
mani,91,CO,1586207558,54,4.82,-72.29,31.92,2.5
chifeng,0,CN,1586207558,51,42.27,118.96,0.94,4.47
coos bay,90,US,1586207558,87,43.37,-124.22,12.22,4.66
cozumel,40,MX,1586207559,66,20.51,-86.95,30.56,6.2
marawi,33,PH,1586207559,72,8.0,124.29,19.1,1.05
maraba,75,BR,1586207418,59,-5.37,-49.12,33.0,1.5
hovd,78,MN,1586207559,42,48.01,91.64,0.96,0.81
naze,90,JP,1586207559,87,28.37,129.48,15.0,0.5
north platte,1,US,1586207559,40,41.12,-100.77,23.89,1.5
tateyama,75,JP,1586207559,57,34.98,139.87,10.0,4.1
lake charles,90,US,1586207336,94,30.21,-93.2,24.0,2.1
portobelo,40,PA,1586207559,46,9.55,-79.65,34.44,7.7
eastlake,1,US,1586207399,38,41.65,-81.45,18.33,3.6
atasu,100,KZ,1586207395,59,48.68,71.64,7.32,4.6
solnechnyy,100,RU,1586207560,92,50.72,136.63,-3.84,6.02
tingo maria,40,PE,1586207560,74,-9.29,-76.01,28.0,2.6
vitim,0,RU,1586207560,95,59.45,112.56,-4.43,1.43
beringovskiy,0,RU,1586207560,85,63.05,179.32,-15.99,1.87
praia da vitoria,75,PT,1586207560,88,38.73,-27.07,18.0,7.38
saint-joseph,20,RE,1586207560,69,-21.37,55.62,24.0,2.1
rockingham,20,US,1586207560,11,42.97,-71.1,17.22,5.7
funadhoo,6,MV,1586207560,64,6.15,73.27,29.29,1.55
rafraf,20,TN,1586207560,87,37.19,10.18,12.0,1.5
sahuaripa,100,MX,1586207561,15,29.05,-109.23,28.94,6.1
pacific grove,75,US,1586207561,76,36.62,-121.92,11.67,3.6
ozu,96,JP,1586207561,53,33.5,132.55,7.78,0.89
wuwei,100,CN,1586207561,35,37.93,102.64,10.0,3.95
kaeo,30,NZ,1586207561,94,-35.1,173.78,17.22,0.45
general roca,0,AR,1586207561,25,-39.03,-67.58,18.0,3.1
tamworth,0,GB,1586207561,61,52.63,-1.7,9.44,4.6
simao,0,CN,1586207561,32,22.79,100.97,13.44,0.4
korla,28,CN,1586207561,26,41.76,86.15,12.55,0.4
fonte boa,100,BR,1586207562,82,-2.5,-66.27,26.47,0.67
broken hill,34,AU,1586207562,66,-31.95,141.43,13.0,4.1
newcastle,40,AU,1586207438,93,-32.93,151.78,16.11,4.6
diapaga,6,BF,1586207562,11,12.07,1.79,33.24,1.19
roald,100,NO,1586207562,66,62.58,6.13,10.0,5.1
bosaso,0,SO,1586207562,62,11.28,49.18,27.75,2.49
xai-xai,0,MZ,1586207562,52,-25.05,33.64,24.33,3.81
hami,48,CN,1586207563,25,42.8,93.45,12.41,0.97
panama city,40,PA,1586207757,55,8.99,-79.52,34.44,5.1
ust-tarka,2,RU,1586207563,86,55.57,75.7,1.3,4.23
labrea,100,BR,1586207563,88,-7.26,-64.8,28.09,0.86
mount gambier,90,AU,1586207392,93,-37.83,140.77,10.0,0.86
suntar,96,RU,1586207563,97,62.14,117.63,-1.51,2.18
tete,20,MZ,1586207563,57,-16.16,33.59,27.0,2.1
denpasar,40,ID,1586207563,100,-8.65,115.22,26.0,0.5
havelock,20,US,1586207460,64,34.88,-76.9,24.0,4.6
fairbanks,90,US,1586207564,66,64.84,-147.72,-8.89,8.7
petropavlovsk-kamchatskiy,99,RU,1586207514,63,53.05,158.65,-3.0,1.57
salinopolis,100,BR,1586207564,86,-0.61,-47.36,28.03,5.77
zunyi,100,CN,1586207564,67,27.69,106.91,9.15,0.75
marshall,1,US,1586207564,30,34.38,-86.33,28.0,4.1
parfino,50,RU,1586207564,93,57.97,31.65,2.03,1.96
anloga,0,GH,1586207564,83,5.79,0.9,28.05,3.91
scarborough,0,GB,1586207564,65,54.28,-0.4,9.44,1.5
del rio,20,US,1586207565,73,29.36,-100.9,23.0,3.6
vila velha,75,BR,1586207565,78,-20.33,-40.29,26.0,5.1
taksimo,52,RU,1586207565,80,56.34,114.88,-5.08,1.09
buriti alegre,8,BR,1586207565,67,-18.14,-49.04,24.58,0.77
sangar,99,RU,1586207396,95,63.92,127.47,-9.59,2.06
west bay,20,KY,1586207566,70,19.37,-81.42,30.0,3.6
falun,39,SE,1586207566,52,60.6,15.63,8.0,4.1
dawson creek,20,CA,1586207566,47,55.77,-120.24,3.0,8.2
gladstone,57,AU,1586207566,82,-23.85,151.25,19.0,2.1
santa rita,40,BR,1586207566,83,-7.11,-34.98,28.0,5.7
sisimiut,84,GL,1586207535,85,66.94,-53.67,-9.16,2.68
alice springs,87,AU,1586207495,76,-23.7,133.88,10.0,3.09
pampa,1,US,1586207567,18,35.54,-100.96,30.0,7.7
sinnamary,15,GF,1586207567,78,5.38,-52.95,27.51,6.56
pallavaram,40,IN,1586207567,83,12.98,80.18,29.0,2.67
rio gallegos,90,AR,1586207567,45,-51.62,-69.22,15.0,5.1
apiai,99,BR,1586207567,59,-24.51,-48.84,22.99,1.8
shingu,92,JP,1586207568,53,33.73,135.98,8.25,3.19
chapais,90,CA,1586207323,50,49.78,-74.85,-1.0,4.6
vila,40,PT,1586207568,93,42.03,-8.16,15.56,0.5
grindavik,75,IS,1586207337,55,63.84,-22.43,1.0,16.5
berdigestyakh,90,RU,1586207568,97,62.1,126.7,-2.34,1.46
chandur,9,IN,1586207568,30,19.73,79.18,28.96,2.72
birin,0,NP,1586207568,21,26.89,88.07,13.43,1.97
forestville,1,US,1586207568,19,38.85,-76.88,22.0,4.6
zaranj,0,AF,1586207568,58,30.97,61.88,15.0,4.1
verkhoyansk,4,RU,1586207378,87,67.54,133.38,-8.56,3.03
nouadhibou,0,MR,1586207568,64,20.93,-17.03,22.0,7.2
addanki,64,IN,1586207569,92,15.82,79.98,25.55,2.39
gaziantep,8,TR,1586207569,76,37.06,37.38,15.0,3.35
son tay,40,VN,1586207569,68,21.14,105.5,19.0,3.1
ko samui,84,TH,1586207569,75,9.54,99.94,28.33,4.07
north bend,90,US,1586207569,87,43.41,-124.22,12.22,4.65
gotsu,100,JP,1586207569,53,35.0,132.22,8.86,3.18
urubicha,75,BO,1586207569,53,-15.38,-62.95,31.06,0.58
correntina,100,BR,1586207360,74,-13.34,-44.64,24.67,1.21
pochutla,5,MX,1586207569,52,15.74,-96.47,32.78,5.1
callaway,1,US,1586207386,73,30.15,-85.57,28.33,5.1
mogadishu,47,SO,1586207545,75,2.04,45.34,28.25,7.39
jiwani,86,PK,1586207570,63,25.05,61.74,26.55,5.97
the valley,20,AI,1586207526,66,18.22,-63.06,31.0,3.1
carmen,5,MX,1586207570,55,18.63,-91.83,32.0,5.1
shache,0,CN,1586207537,21,38.42,77.24,13.18,2.36
ardakan,40,IR,1586207570,21,32.31,54.02,17.0,2.1
darhan,100,MN,1586207386,55,49.49,105.92,4.55,1.88
zaysan,43,KZ,1586207570,51,47.47,84.87,10.19,1.77
yaan,48,NG,1586207570,64,7.38,8.57,29.45,3.72
yurty,0,RU,1586207570,90,56.05,97.63,-1.49,2.16
aktash,0,RU,1586207570,48,50.3,87.73,-5.53,2.41
rakai,73,UG,1586207571,65,-0.72,31.48,16.53,1.57
kidal,0,ML,1586207373,10,18.44,1.41,30.01,5.34
tsogni,100,GA,1586207571,90,-2.79,10.1,25.17,3.88
victoria,40,HK,1586207525,82,22.29,114.16,18.0,2.6
whyalla,93,AU,1586207571,93,-33.03,137.58,12.0,1.0
vestmanna,48,FO,1586207373,64,62.16,-7.17,5.0,6.2
hamilton,40,US,1586207897,59,39.18,-84.53,21.11,2.6
riberalta,53,BO,1586207571,58,-10.98,-66.1,32.73,1.1
jumla,7,NP,1586207326,26,29.27,82.18,5.18,2.19
bandipur,0,NP,1586207571,23,27.93,84.42,15.51,1.12
antofagasta,32,CL,1586207378,68,-23.65,-70.4,21.0,6.7
kathu,40,TH,1586207571,88,7.92,98.33,26.0,1.0
totskoye,12,RU,1586207572,88,52.52,52.76,0.33,4.51
launceston,75,AU,1586207572,86,-41.45,147.17,4.44,2.6
okhotsk,1,RU,1586207464,91,59.38,143.3,-9.64,4.15
great yarmouth,7,GB,1586207572,66,52.61,1.73,11.11,2.6
peniche,75,PT,1586207572,93,39.36,-9.38,16.67,4.6
port macquarie,90,AU,1586207395,87,-31.43,152.92,17.78,3.6
uvalde,90,US,1586207572,88,29.37,-99.77,23.89,2.1
kamskiye polyany,100,RU,1586207572,86,55.43,51.42,-1.0,6.0
whitianga,79,NZ,1586207573,75,-36.83,175.7,18.89,0.45
matagami,1,CA,1586207386,47,49.75,-77.63,2.0,5.1
egvekinot,68,RU,1586207573,80,66.32,-179.17,-18.04,0.67
husavik,75,IS,1586207573,51,66.04,-17.34,2.0,22.6
raga,64,SS,1586207573,26,8.46,25.68,27.32,0.44
yenotayevka,11,RU,1586207573,69,47.25,47.03,2.4,7.6
zvishavane,79,ZW,1586207574,29,-20.33,30.07,23.03,1.07
falam,0,MM,1586207574,38,22.92,93.68,11.85,0.76
deputatskiy,84,RU,1586207574,89,69.3,139.9,-13.66,4.48
turinskaya sloboda,100,RU,1586207574,93,57.62,64.39,-1.82,5.3
pringsewu,100,ID,1586207574,88,-5.36,104.97,23.66,0.08
kesan,70,TR,1586207574,67,40.86,26.63,5.98,9.47
tiznit,0,MA,1586207574,52,29.58,-9.5,17.23,1.02
tautira,21,PF,1586207575,66,-17.73,-149.15,31.0,3.6
shimoda,27,JP,1586207575,77,34.67,138.95,7.22,4.94
luderitz,8,NA,1586207575,63,-26.65,15.16,18.0,7.7
fez,40,MA,1586207575,68,34.04,-5.0,20.0,3.1
sorland,100,NO,1586207347,78,67.67,12.69,5.59,8.36
comodoro rivadavia,0,AR,1586207576,31,-45.87,-67.5,18.0,3.6
erzin,40,TR,1586207576,93,36.96,36.2,16.11,4.6
san cristobal,40,VE,1586207576,58,7.77,-72.22,31.0,3.6
dogondoutchi,0,NE,1586207576,9,13.64,4.03,33.23,3.39
mangrol,3,IN,1586207576,75,21.12,70.12,24.2,3.13
pokhara,0,NP,1586207576,22,28.23,83.98,15.66,2.91
faanui,2,PF,1586207576,75,-16.48,-151.75,28.57,6.31
pechora,97,RU,1586207577,96,65.15,57.22,-9.38,2.31
jaisalmer,41,IN,1586207476,17,26.91,70.92,29.89,5.06
tokmak,4,UA,1586207577,59,47.25,35.71,6.04,2.48
basoko,93,CD,1586207577,81,1.24,23.62,23.3,0.67
wenling,25,CN,1586207577,77,28.37,121.36,12.78,2.44
nkhata bay,66,MW,1586207577,60,-11.61,34.29,24.41,1.18
port augusta,88,AU,1586207577,93,-32.5,137.77,13.89,1.0
marsh harbour,100,BS,1586207578,70,26.54,-77.06,21.98,5.49
vicuna,61,CL,1586207345,68,-30.03,-70.71,20.0,5.1
gualeguay,0,AR,1586207578,29,-33.14,-59.31,18.68,3.95
leua,0,SK,1586207578,60,48.22,18.61,5.0,1.8
banda aceh,86,ID,1586207578,81,5.56,95.32,25.83,2.86
arlit,0,NE,1586207578,8,18.74,7.39,32.27,4.54
bilgram,0,IN,1586207578,22,27.18,80.03,25.43,5.09
akcaabat,75,TR,1586207579,93,41.02,39.57,9.0,1.5
pomabamba,17,PE,1586207579,23,-8.83,-77.47,15.68,2.27
san juan del sur,87,NI,1586207579,49,11.25,-85.87,33.0,2.1
kaduna,60,NG,1586207579,37,10.52,7.44,30.81,3.44
guozhen,100,CN,1586207579,35,34.37,107.36,12.3,0.23
nome,20,US,1586207579,77,64.5,-165.41,-15.0,7.7
covington,40,US,1586207501,59,39.08,-84.51,20.56,2.6
ballitoville,90,ZA,1586207580,83,-29.54,31.21,23.0,4.1
mikkeli,90,FI,1586207580,100,61.69,27.27,1.0,2.1
catabola,1,AO,1586207580,60,-12.15,17.28,17.11,0.88
ayan,21,RU,1586207580,89,56.45,138.17,-6.94,3.6
vyartsilya,100,RU,1586207580,91,62.18,30.69,-0.65,4.07
jalu,5,LY,1586207580,45,29.03,21.55,16.43,5.54
fukue,55,JP,1586207581,51,32.69,128.84,14.04,5.05
horsham,5,GB,1586207398,76,51.06,-0.33,12.0,1.0
inhambane,0,MZ,1586207581,79,-23.86,35.38,25.77,6.05
gazanjyk,97,TM,1586207581,45,39.24,55.52,12.73,11.69
berezniki,0,RU,1586207581,45,59.42,56.81,-5.0,1.79
bobcaygeon,1,CA,1586207370,20,44.55,-78.54,13.89,6.7
santiago del estero,7,AR,1586207582,38,-27.8,-64.26,24.7,6.47
skelleftea,93,SE,1586207582,95,64.75,20.95,1.0,1.0
trincomalee,14,LK,1586207394,81,8.57,81.23,26.41,1.55
lazaro cardenas,0,MX,1586207297,53,17.96,-102.2,29.4,4.03
esso,99,RU,1586207582,78,55.93,158.7,-2.34,0.43
olafsvik,100,IS,1586207582,91,64.89,-23.71,0.33,14.78
karoi,10,ZW,1586207582,53,-16.81,29.69,18.09,0.79
